Atividade;Quantidade
Preparação de documentos e serviços especializados de apoio administrativo não especificados anteriormente;3.519
Promoção de vendas;2.558
Cabeleireiros, manicure e pedicure;2.413
Comércio varejista de artigos do vestuário e acessórios;1.997
Transporte rodoviário de carga, exceto produtos perigosos e mudanças, municipal;1.595
Serviços combinados de escritório e apoio administrativo;1.512
Treinamento em desenvolvimento profissional e gerencial;1.382
Atividades de estética e outros serviços de cuidados com a beleza;1.315
Outras atividades de ensino não especificadas anteriormente;1.164
Transporte rodoviário de carga, exceto produtos perigosos e mudanças, intermunicipal, interestadual e internacional;1.036
Fornecimento de alimentos preparados preponderantemente para consumo domiciliar;922
Lanchonetes, casas de chá, de sucos e similares;920
Obras de alvenaria;919
Outras atividades auxiliares dos transportes terrestres não especificadas anteriormente;819
Instalação e manutenção elétrica;791
Restaurantes e similares;720
Serviços domésticos;682
Serviços de organização de feiras, congressos, exposições e festas;656
Comércio varejista de outros produtos não especificados anteriormente;615
Reparação e manutenção de computadores e de equipamentos periféricos;610
Serviços ambulantes de alimentação;594
Serviços de manutenção e reparação mecânica de veículos automotores;573
Fabricação de produtos de padaria e confeitaria com predominância de produção própria;516
Comércio varejista de produtos alimentícios em geral ou especializado em produtos alimentícios não especificados anteriormente;513
Serviços de malote não realizados pelo Correio Nacional;490
Serviços de pintura de edifícios em geral;481
Comércio varejista de cosméticos, produtos de perfumaria e de higiene pessoal;474
Suporte técnico, manutenção e outros serviços em tecnologia da informação;463
Serviços de entrega rápida;442
Comércio varejista de bebidas;428
Comércio varejista de mercadorias em geral, com predominância de produtos alimentícios - minimercados, mercearias e armazéns;426
Atividades de consultoria em gestão empresarial, exceto consultoria técnica específica;418
Serviços de engenharia;398
Edição de cadastros, listas e outros produtos gráficos;380
Comércio a varejo de peças e acessórios novos para veículos automotores;371
Comércio varejista especializado de equipamentos e suprimentos de informática;362
Atividades de pós-produção cinematográfica, de vídeos e de programas de televisão não especificadas anteriormente;359
Atividades de fornecimento de infraestrutura de apoio e assistência a paciente no domicílio;356
Atividade médica ambulatorial restrita a consultas;345
Atividades de produção de fotografias, exceto aérea e submarina;332
Instalação de máquinas e equipamentos industriais;326
Atividades de psicologia e psicanálise;319
Atividades paisagísticas;302
Higiene e embelezamento de animais domésticos;299
Corretagem na compra e venda e avaliação de imóveis;293
Bares e outros estabelecimentos especializados em servir bebidas, sem entretenimento;283
Serviços de lanternagem ou funilaria e pintura de veículos automotores;281
Produção musical;276
Comércio varejista de suvenires, bijuterias e artesanatos;273
Serviços de lavagem, lubrificação e polimento de veículos automotores;270
Consultoria em tecnologia da informação;261
Comércio varejista de animais vivos e de artigos e alimentos para animais de estimação;253
Lojas de variedades, exceto lojas de departamentos ou magazines;253
Fabricação de produtos diversos não especificados anteriormente;251
Agências de viagens;244
Treinamento em informática;233
Serviços de usinagem, torneiria e solda;232
Atividades de contabilidade;221
Ensino de arte e cultura não especificado anteriormente;221
Comércio varejista de hortifrutigranjeiros;213
Atividade odontológica;210
Serviços de montagem de móveis de qualquer material;208
Comércio varejista de artigos de joalheria;207
Ensino de idiomas;203
Outras atividades de serviços prestados principalmente às empresas não especificadas anteriormente;202
Fabricação de móveis com predominância de madeira;199
Desenvolvimento de programas de computador sob encomenda;194
Comercio varejista de artigos de armarinho;191
Comércio varejista especializado de equipamentos de telefonia e comunicação;191
Confecção de peças do vestuário, exceto roupas íntimas e as confeccionadas sob medida;190
Comércio varejista de outros artigos de uso doméstico não especificados anteriormente;189
Comércio varejista especializado de eletrodomésticos e equipamentos de áudio e vídeo;188
Comércio varejista de móveis;187
Fabricação de artigos de serralheria, exceto esquadrias;183
Atividades de condicionamento físico;178
Corretores e agentes de seguros, de planos de previdência complementar e de saúde;176
Confecção, sob medida, de peças do vestuário, exceto roupas íntimas;172
Comércio varejista especializado de peças e acessórios para aparelhos eletroeletrônicos para uso doméstico, exceto informática e comunicação;171
Atividades de cobrança e informações cadastrais;169
Comércio varejista de materiais de construção em geral;168
Padaria e confeitaria com predominância de revenda;167
Instalação e manutenção de sistemas centrais de ar condicionado, de ventilação e refrigeração;163
Atividades de fisioterapia;161
Comércio varejista de artigos de óptica;158
Atividades de intermediação e agenciamento de serviços e negócios em geral, exceto imobiliários;157
Representantes comerciais e agentes do comércio de mercadorias em geral não especializado;155
Comércio varejista de ferragens e ferramentas;154
Carga e descarga;152
Serviços de instalação, manutenção e reparação de acessórios para veículos automotores;150
Marketing direto;142
Reparação e manutenção de equipamentos eletroeletrônicos de uso pessoal e doméstico;140
Fabricação de outros produtos têxteis não especificados anteriormente;138
Comércio a varejo de automóveis, camionetas e utilitários usados;137
Serviço de táxi;137
Bares e outros estabelecimentos especializados em servir bebidas, com entretenimento;135
Reparação e manutenção de equipamentos de comunicação;135
Comércio varejista de calçados;134
Serviços de alimentação para eventos e recepções - bufê;134
Transporte rodoviário coletivo de passageiros, sob regime de fretamento, municipal;134
Construção de edifícios;132
Estacionamento de veículos;132
Comércio varejista de brinquedos e artigos recreativos;128
Comércio varejista de artigos de papelaria;127
Edição de livros;124
Atividades veterinárias;123
Outras atividades de telecomunicações não especificadas anteriormente;121
Outras atividades de serviços pessoais não especificadas anteriormente;116
Serviços de tatuagem e colocação de piercing;116
Comercio varejista de artigos de cama, mesa e banho;114
Comércio varejista de doces, balas, bombons e semelhantes;108
Fornecimento de alimentos preparados preponderantemente para empresas;108
Serviços de arquitetura;107
Comércio varejista de material elétrico;105
Cursos preparatórios para concursos;104
Obras de acabamento em gesso e estuque;104
Edição de revistas;101
Serviços de pré-impressão;101
Representantes comerciais e agentes do comércio de produtos alimentícios, bebidas e fumo;100
Atividades de sonorização e de iluminação;99
Serviços especializados para construção não especificados anteriormente;97
Comércio varejista de produtos saneantes domissanitários;94
Comércio varejista de materiais de construção não especificados anteriormente;88
Aplicação de revestimentos e de resinas em interiores e exteriores;86
Comércio varejista de plantas e flores naturais;86
Outras obras de acabamento da construção;86
Agências de publicidade;85
Comércio varejista de produtos farmacêuticos, sem manipulação de fórmulas;84
Manutenção e reparação de máquinas e aparelhos de refrigeração e ventilação para uso industrial e comercial;82
Manutenção e reparação de motocicletas e motonetas;82
Serviços combinados para apoio a edifícios, exceto condomínios prediais;82
Transporte escolar;81
Instalações hidráulicas, sanitárias e de gás;80
Atividades de fonoaudiologia;79
Comércio varejista de artigos esportivos;78
Fabricação de ferramentas;77
Atividades de limpeza não especificadas anteriormente;76
Desenvolvimento e licenciamento de programas de computador customizáveis;76
Tratamento de dados, provedores de serviços de aplicação e serviços de hospedagem na Internet;76
Outras atividades de recreação e lazer não especificadas anteriormente;75
Produção teatral;75
Serviços de manutenção e reparação elétrica de veículos automotores;75
Outros representantes comerciais e agentes do comércio especializado em produtos não especificados anteriormente;74
Gestão e administração da propriedade imobiliária;73
Portais, provedores de conteúdo e outros serviços de informação na Internet;73
Serviços de reboque de veículos;73
Lavanderias;72
Serviços de borracharia para veículos automotores;72
Chaveiros;71
Comércio varejista de outros artigos usados;71
Ensino de música;71
Manutenção e reparação de outras máquinas e equipamentos para usos industriais não especificados anteriormente;70
Comércio a varejo de peças e acessórios novos para motocicletas e motonetas;69
Comércio varejista de carnes - açougues;68
Edição de jornais diários;66
Representantes comerciais e agentes do comércio de madeira, material de construção e ferragens;64
Fabricação de produtos de panificação industrial;63
Transporte rodoviário de mudanças;63
Aluguel de imóveis próprios;62
Atividades de profissionais da nutrição;62
Comércio varejista de vidros;62
Edição de jornais não diários;62
Fabricação de artefatos diversos de madeira, exceto móveis;61
Filmagem de festas e eventos;60
Impressão de material para outros usos;60
Fabricação de produtos de pastas celulósicas, papel, cartolina, papel-cartão e papelão ondulado não especificados anteriormente;59
Manutenção e reparação de máquinas e equipamentos para uso geral não especificados anteriormente;59
Outras atividades profissionais, científicas e técnicas não especificadas anteriormente;59
Atividades de atenção ambulatorial não especificadas anteriormente;58
Manutenção e reparação de equipamentos hidráulicos e pneumáticos, exceto válvulas;58
Comércio varejista de laticínios e frios;57
Fabricação de bijuterias e artefatos semelhantes;57
Aluguel de máquinas e equipamentos para construção sem operador, exceto andaimes;56
Atividades de terapia ocupacional;55
Fabricação de alimentos e pratos prontos;54
Manutenção e reparação de máquinas, aparelhos e materiais elétricos não especificados anteriormente;54
Tabacaria;54
"Aluguel de móveis, utensílios e aparelhos de uso doméstico e pessoal; instrumentos musicais";53
Comércio varejista de artigos médicos e ortopédicos;53
Comércio varejista de madeira e artefatos;53
Corretagem no aluguel de imóveis;53
Outras atividades de prestação de serviços de informação não especificadas anteriormente;53
Compra e venda de imóveis próprios;52
Comércio varejista de livros;51
Instalação de portas, janelas, tetos, divisórias e armários embutidos de qualquer material;51
Comércio varejista de artigos de colchoaria;50
Manutenção e reparação de máquinas e equipamentos para as indústrias de alimentos, bebidas e fumo;49
Transporte rodoviário coletivo de passageiros, sob regime de fretamento, intermunicipal, interestadual e internacional;49
Comércio varejista de artigos de tapeçaria, cortinas e persianas;48
Educação infantil - creche;48
Holdings de instituições não financeiras;48
Reparação de artigos do mobiliário;48
Educação infantil - pré-escola;46
Serviços de desenho técnico relacionados à arquitetura e engenharia;46
Cantinas - serviços de alimentação privativos;45
Fabricação de esquadrias de metal;45
Aluguel de equipamentos recreativos e esportivos;44
Comércio varejista de materiais hidráulicos;44
Ensino de esportes;44
Impressão de material para uso publicitário;44
Outros serviços de acabamento em fios, tecidos, artefatos têxteis e peças do vestuário;43
Reparação e manutenção de outros objetos e equipamentos pessoais e domésticos não especificados anteriormente;43
Atividades auxiliares dos transportes aéreos, exceto operação dos aeroportos e campos de aterrissagem;42
"Comércio varejista de bicicletas e triciclos; peças e acessórios";42
Comércio varejista de tintas e materiais para pintura;42
Atividades de apoio à educação, exceto caixas escolares;41
Atividades de produção cinematográfica, de vídeos e de programas de televisão não especificadas anteriormente;41
Aluguel de outras máquinas e equipamentos comerciais e industriais não especificados anteriormente, sem operador;40
Coleta de resíduos não perigosos;40
Serviço de preparação de terreno, cultivo e colheita;40
Atividades de atendimento em pronto-socorro e unidades hospitalares para atendimento a urgências;38
Comércio atacadista de frutas, verduras, raízes, tubérculos, hortaliças e legumes frescos;37
Instalação de painéis publicitários;37
Comércio a varejo de peças e acessórios usados para veículos automotores;36
Comércio varejista de gás liqüefeito de petróleo (GLP);36
Montagem e instalação de sistemas e equipamentos de iluminação e sinalização em vias públicas, portos e aeroportos;36
Alojamento de animais domésticos;35
Fabricação de massas alimentícias;35
Fotocópias;35
Comércio varejista de objetos de arte;34
Administração de obras;33
Instalações de sistema de prevenção contra incêndio;32
Representantes comerciais e agentes do comércio de medicamentos, cosméticos e produtos de perfumaria;32
Atividades de práticas integrativas e complementares em saúde humana;31
Consultoria em publicidade;31
Limpeza em prédios e em domicílios;31
Desenvolvimento e licenciamento de programas de computador não customizáveis;30
Fabricação de outros artigos de carpintaria para construção;30
Serviços de reservas e outros serviços de turismo não especificados anteriormente;30
Casas de festas e eventos;29
Obras de terraplenagem;29
Reparação de bicicletas, triciclos e outros veículos não motorizados;29
Ensino de artes cênicas, exceto dança;28
Fabricação de artefatos de tapeçaria;28
Fabricação de produtos derivados do cacau e de chocolates;28
Manutenção e reparação de geradores, transformadores e motores elétricos;28
Casas lotéricas;27
Comércio a varejo de pneumáticos e câmaras-de-ar;27
"Comércio atacadista de máquinas e equipamentos para uso industrial; partes e peças";27
Comércio varejista de artigos de iluminação;27
Comércio varejista de equipamentos para escritório;27
Comércio varejista de lubrificantes;27
Fabricação de artigos do vestuário, produzidos em malharias e tricotagens, exceto meias;27
Locação de automóveis sem condutor;27
Manutenção e reparação de tanques, reservatórios metálicos e caldeiras, exceto para veículos;27
Serviço de transporte de passageiros - locação de automóveis com motorista;27
Atividade médica ambulatorial com recursos para realização de procedimentos cirúrgicos;26
Comércio varejista de tecidos;26
Correspondentes de instituições financeiras;26
Incorporação de empreendimentos imobiliários;26
Manutenção e reparação de máquinas-ferramenta;26
Atividades de monitoramento de sistemas de segurança eletrônico;25
Atividades de profissionais da área de saúde não especificadas anteriormente;25
Comércio a varejo de automóveis, camionetas e utilitários novos;25
Fabricação de artefatos de material plástico para outros usos não especificados anteriormente;25
Comércio varejista de artigos de caça, pesca e camping;24
Estamparia e texturização em fios, tecidos, artefatos têxteis e peças do vestuário;24
Comércio varejista especializado de instrumentos musicais e acessórios;23
Fabricação de outros artefatos e produtos de concreto, cimento, fibrocimento, gesso e materiais semelhantes;23
Outras atividades de publicidade não especificadas anteriormente;23
Atividade médica ambulatorial com recursos para realização de exames complementares;22
Comércio atacadista de embalagens;22
Comércio varejista de artigos fotográficos e para filmagem;22
Fabricação de letras, letreiros e placas de qualquer material, exceto luminosos;22
Representantes comerciais e agentes do comércio de máquinas, equipamentos, embarcações e aeronaves;22
Representantes comerciais e agentes do comércio de têxteis, vestuário, calçados e artigos de viagem;22
Aparelhamento de placas e execução de trabalhos em mármore, granito, ardósia e outras pedras;21
Atividades de desing não especificadas anteriormente;21
Comércio varejista de mercadorias em lojas de conveniência;21
Design de interiores;21
Manutenção e reparação de equipamentos e produtos não especificados anteriormente;21
Serviços de cartografia, topografia e geodésia;21
Operadores turísticos;20
Aluguel de objetos do vestuário, jóias e acessórios;19
Fabricação de outros produtos de metal não especificados anteriormente;19
Pensões (alojamento);19
Representantes comerciais e agentes do comércio de combustíveis, minerais, produtos siderúrgicos e químicos;19
Testes e análises técnicas;19
Comércio atacadista de produtos alimentícios em geral;18
Ensino de dança;18
Manutenção e reparação de máquinas, equipamentos e aparelhos para transporte e elevação de cargas;18
Seleção e agenciamento de mão de obra;18
Serviços de diagnóstico por imagem com uso de radiação ionizante, exceto tomografia;18
Serviços de perícia técnica relacionados à segurança do trabalho;18
Transporte rodoviário de produtos perigosos;18
Web desing;18
Atividades de vigilância e segurança privada;17
Comércio atacadista de resíduos e sucatas metálicos;17
Comércio varejista de jornais e revistas;17
Comércio varejista de produtos farmacêuticos, com manipulação de fórmulas;17
Fabricação de velas, inclusive decorativas;17
Formação de condutores;17
Manutenção e reparação de máquinas e equipamentos para a indústria têxtil, do vestuário, do couro e calçados;17
Produção e promoção de eventos esportivos;17
Serviços de alinhamento e balanceamento de veículos automotores;17
Atividades de enfermagem;16
Atividades de teleatendimento;16
Comércio varejista de artigos de relojoaria;16
Instituições de longa permanência para idosos;16
Serviços de acabamentos gráficos, exceto encadernação e plastificação;16
Serviços de prótese dentária;16
Comércio varejista de artigos de viagem;15
Criação de animais de estimação;15
Educação profissional de nível técnico;15
Manutenção e reparação de máquinas, aparelhos e equipamentos para instalações térmicas;15
Outros alojamentos não especificados anteriormente;15
Produção de filmes para publicidade;15
Atividades de produção de fotografias aéreas e submarinas;14
Envasamento e empacotamento sob contrato;14
Fabricação de artefatos de couro não especificados anteriormente;14
Manutenção e reparação de máquinas motrizes não elétricas;14
Outras atividades auxiliares dos serviços financeiros não especificadas anteriormente;14
Representantes comerciais e agentes do comércio de eletrodomésticos, móveis e artigos de uso doméstico;14
Salas de acesso à Internet;14
Agenciamento de espaços para publicidade, exceto em veículos de comunicação;13
Fabricação de conservas de frutas;13
Hotéis;13
Locação de outros meios de transporte não especificados anteriormente, sem condutor;13
Outras atividades de serviços de segurança;13
Serviços de confecção de armações metálicas para a construção;13
Artes cênicas, espetáculos e atividades complementares não especificados anteriormente;12
Atividades de apoio à gestão de saúde;12
Decoração, lapidação, gravação, vitrificação e outros trabalhos em cerâmica, louça, vidro e cristal;12
Fabricação de artefatos têxteis para uso doméstico;12
Montagem de estruturas metálicas;12
Motéis;12
Outras obras de engenharia civil não especificadas anteriormente;12
Peixaria;12
Reparação de jóias;12
Aluguel de equipamentos científicos, médicos e hospitalares, sem operador;11
Atividades relacionadas a esgoto, exceto a gestão de redes;11
Comércio varejista de cal, areia, pedra britada, tijolos e telhas;11
Ensino fundamental;11
Lojas de departamentos ou magazines, exceto lojas francas (Duty free);11
Manutenção e reparação de aeronaves, exceto a manutenção na pista;11
Organização logística do transporte de carga;11
Serviços de encadernação e plastificação;11
Aluguel de palcos, coberturas e outras estruturas de uso temporário, exceto andaimes;10
Comércio por atacado de peças e acessórios novos para veículos automotores;10
Comércio varejista de mercadorias em geral, com predominância de produtos alimentícios - supermercados;10
Fabricação de painéis e letreiros luminosos;10
Fabricação de produtos cerâmicos não refratários não especificados anteriormente;10
Fabricação de produtos de carne;10
Facção de peças do vestuário, exceto roupas íntimas;10
Gestão de ativos intangíveis não financeiros;10
Manutenção e reparação de aparelhos e instrumentos de medida, teste e controle;10
Recuperação de materiais plásticos;10
Recuperação de sucatas de alumínio;10
Representantes comerciais e agentes do comércio de peças e acessórios novos e usados para veículos automotores;10
Serviços de tradução, interpretação e similares;10
Agências de notícias;9
Atividades técnicas relacionadas à engenharia e arquitetura não especificadas anteriormente;9
Comércio a varejo de motocicletas e motonetas novas;9
Comércio atacadista de cosméticos e produtos de perfumaria;9
Comércio atacadista de mercadorias em geral, sem predominância de alimentos ou de insumos agropecuários;9
Fabricação de artefatos de joalheria e ourivesaria;9
Fabricação de móveis de outros materiais, exceto madeira e metal;9
Fabricação de sucos de frutas, hortaliças e legumes, exceto concentrados;9
Horticultura, exceto morango;9
Pesquisa e desenvolvimento experimental em ciências físicas e naturais;9
Restauração de obras de arte;9
Serviços de agronomia e de consultoria às atividades agrícolas e pecuárias;9
Tratamentos térmicos, acústicos ou de vibração;9
Atividades de artistas plásticos, jornalistas independentes e escritores;8
Atividades de podologia;8
"Comércio atacadista de outras máquinas e equipamentos não especificados anteriormente; partes e peças";8
Comércio atacadista de resíduos e sucatas não metálicos, exceto de papel e papelão;8
Comércio atacadista de roupas e acessórios para uso profissional e de segurança do trabalho;8
Comércio atacadista especializado em outros produtos alimentícios não especificados anteriormente;8
Comércio atacadista especializado em outros produtos intermediários não especificados anteriormente;8
Comércio varejista de discos, CDs, DVDs e fitas;8
Fabricação de artigos para viagem, bolsas e semelhantes de qualquer material;8
Fabricação de especiarias, molhos, temperos e condimentos;8
Impermeabilização em obras de engenharia civil;8
Locação de mão de obra temporária;8
Manutenção e reparação de baterias e acumuladores elétricos, exceto para veículos;8
Outras atividades esportivas não especificadas anteriormente;8
Outras sociedades de participação, exceto holdings;8
Recondicionamento e recuperação de motores para veículos automotores;8
Reparação de calçados, bolsas e artigos de viagem;8
Serviços de dublagem;8
Serviços de tratamento e revestimento em metais;8
Aluguel de máquinas e equipamentos para escritório;7
Atividades de acupuntura;7
Atividades de consultoria e auditoria contábil e tributária;7
Atividades de gravação de som e de edição de música;7
Fabricação de artefatos diversos de cortiça, bambu, palha, vime e outros materiais trançados, exceto móveis;7
Fabricação de biscoitos e bolachas;7
Fabricação de outras máquinas e equipamentos de uso geral não especificados anteriormente, peças e acessórios;7
Gestão de instalações de esportes;7
Instalação de outros equipamentos não especificados anteriormente;7
Laboratórios fotográficos;7
Manutenção e reparação de compressores;7
Produção de artefatos estampados de metal;7
Recuperação de materiais metálicos, exceto alumínio;7
Representantes comerciais e agentes do comércio de motocicletas e motonetas, peças e acessórios;7
Serviço de corte e dobra de metais;7
Serviços de ressonância magnética;7
Atividades de atendimento hospitalar, exceto pronto-socorro e unidades para atendimento a urgências;6
Comércio a varejo de motocicletas e motonetas usadas;6
Comércio atacadista de ferragens e ferramentas;6
Comércio atacadista de material elétrico;6
Comércio atacadista de outros equipamentos e artigos de uso pessoal e doméstico não especificados anteriormente;6
Comércio varejista de combustíveis para veículos automotores;6
Comércio varejista de mercadorias em geral, com predominância de produtos alimentícios - hipermercados;6
Comércio varejista de pedras para revestimento;6
Desing de produto;6
Edição integrada à impressão de cadastros, listas e outros produtos gráficos;6
Exploração de jogos eletrônicos recreativos;6
Fabricação de canetas, lápis e outros artigos para escritório;6
Fabricação de conservas de legumes e outros vegetais, exceto palmito;6
Fabricação de máquinas e equipamentos para uso industrial específico não especificados anteriormente, peças e acessórios;6
Facção de roupas profissionais;6
Laboratórios clínicos;6
Recarga de cartuchos para equipamentos de informática;6
Recuperação de materiais não especificados anteriormente;6
Representantes comerciais e agentes do comércio de matérias-primas agrícolas e animais vivos;6
Serviços de adestramento de cães de guarda;6
Serviços de comunicação multimídia - SCM;6
Aluguel de andaimes;5
Apicultura;5
Atividades auxiliares da justiça;5
Atividades auxiliares dos seguros, da previdência complementar e dos planos de saúde não especificadas anteriormente;5
Comércio atacadista de artigos do vestuário e acessórios, exceto profissionais e de segurança;5
Comércio atacadista de bebidas não especificadas anteriormente;5
Comércio atacadista de instrumentos e materiais para uso médico, cirúrgico, hospitalar e de laboratórios;5
Comércio atacadista de mercadorias em geral, com predominância de insumos agropecuários;5
Fabricação de embalagens de material plástico;5
Fabricação de laticínios;5
Fabricação de luminárias e outros equipamentos de iluminação;5
Fabricação de outros brinquedos e jogos recreativos não especificados anteriormente;5
Fabricação de outros produtos alimentícios não especificados anteriormente;5
Fabricação de sorvetes e outros gelados comestíveis;5
Fabricação de transformadores, indutores, conversores, sincronizadores e semelhantes, peças e acessórios;5
Guarda-móveis;5
Manutenção e reparação de aparelhos eletromédicos e eletroterapêuticos e equipamentos de irradiação;5
Manutenção e reparação de máquinas para a indústria metalúrgica, exceto máquinas-ferramenta;5
Manutenção e reparação de tratores agrícolas;5
Obras de montagem industrial;5
Provedores de acesso às redes de comunicações;5
Reparação de relógios;5
Serviço de poda de árvores para lavouras;5
Toalheiros;5
Agenciamento de cargas, exceto para o transporte marítimo;4
Agenciamento de profissionais para atividades esportivas, culturais e artísticas;4
Agências matrimoniais;4
Agente de propriedade industrial;4
Agentes de investimentos em aplicações financeiras;4
Aluguel de máquinas e equipamentos agrícolas sem operador;4
Armazéns gerais - emissão de warrant;4
Comércio atacadista de chocolates, confeitos, balas, bombons e semelhantes;4
Comércio atacadista de equipamentos elétricos de uso pessoal e doméstico;4
Comércio atacadista de mercadorias em geral, com predominância de produtos alimentícios;4
Comércio varejista de medicamentos veterinários;4
Confecção, sob medida, de roupas profissionais;4
Construção de redes de abastecimento de água, coleta de esgoto e construções correlatas, exceto obras de irrigação;4
Criação de peixes ornamentais em água doce;4
Discotecas, danceterias, salões de dança e similares;4
Distribuição de água por caminhões;4
Educação superior - graduação e pós-graduação;4
Estúdios cinematográficos;4
Fabricação de artefatos de cerâmica e barro cozido para uso na construção, exceto azulejos e pisos;4
Fabricação de artefatos de cimento para uso na construção;4
Fabricação de artefatos de tanoaria e de embalagens de madeira;4
Fabricação de embalagens de cartolina e papel-cartão;4
Imunização e controle de pragas urbanas;4
Manutenção e reparação de máquinas e aparelhos para a indústria do plástico;4
Manutenção e reparação de máquinas e equipamentos para agricultura e pecuária;4
Manutenção e reparação de válvulas industriais;4
Perfuração e construção de poços de água;4
Representantes comerciais e agentes do comércio de instrumentos e materiais odonto-médico-hospitalares;4
Serviços de diagnóstico por imagem sem uso de radiação ionizante, exceto ressonância magnética;4
Serviços de funerárias;4
Acabamento de calçados de couro sob contrato;3
Atividades de estudos geológicos;3
Comércio atacadista de água mineral;3
Comércio atacadista de bebidas com atividade de fracionamento e acondicionamento associada;3
Comércio atacadista de componentes eletrônicos e equipamentos de telefonia e comunicação;3
Comércio atacadista de jóias, relógios e bijuterias, inclusive pedras preciosas e semipreciosas lapidadas;3
"Comércio atacadista de máquinas, equipamentos para terraplenagem, mineração e construção; partes e peças";3
Comércio atacadista de mármores e granitos;3
Comércio atacadista de produtos da extração mineral, exceto combustíveis;3
Comércio atacadista de resíduos de papel e papelão;3
Comércio varejista de antiguidades;3
"Comércio varejista de embarcações e outros veículos recreativos; peças e acessórios";3
Comissaria de despachos;3
Confecção de roupas profissionais, exceto sob medida;3
Construção de estações e redes de distribuição de energia elétrica;3
Construção de estações e redes de telecomunicações;3
Criação de peixes ornamentais em água salgada e salobra;3
Depósitos de mercadorias para terceiros, exceto armazéns gerais e guarda-móveis;3
Edição integrada à impressão de jornais diários;3
Ensino médio;3
Fabricação de aparelhos e equipamentos de medida, teste e controle;3
Fabricação de artefatos de material plástico para uso pessoal e doméstico;3
Fabricação de artefatos de material plástico para usos industriais;3
Fabricação de artefatos para pesca e esporte;3
Fabricação de aviamentos para costura;3
Fabricação de cervejas e chopes;3
Fabricação de instrumentos musicais, peças e acessórios;3
Fabricação de máquinas e aparelhos de refrigeração e ventilação para uso industrial e comercial, peças e acessórios;3
Fabricação de móveis com predominância de metal;3
Fabricação de obras de caldeiraria pesada;3
Fabricação de produtos de trefilados de metal padronizados;3
Manutenção e reparação de máquinas de escrever, calcular e de outros equipamentos não eletrônicos para escritório;3
Manutenção e reparação de máquinas e aparelhos para a indústria de celulose, papel e papelão e artefatos;3
Obras de urbanização - ruas, praças e calçadas;3
Outros serviços de transporte aéreo de passageiros não regular;3
Pesquisa e desenvolvimento experimental em ciências sociais e humanas;3
Serviços de operação e fornecimento de equipamentos para transporte e elevação de cargas e pessoas para uso em obras;3
Sociedades de fomento mercantil - factoring;3
Torrefação e moagem de café;3
Transporte aquaviário para passeios turísticos;3
Transporte por navegação interior de carga, municipal, exceto travessia;3
Albergues, exceto assistenciais;2
Aluguel de aparelhos de jogos eletrônicos;2
Aluguel de fitas de vídeo, DVDs e similares;2
Aluguel de material médico;2
Aluguel de outros objetos pessoais e domésticos não especificados anteriormente;2
Atividades de administração de fundos por contrato ou comissão;2
Atividades de assistência psicossocial e à saúde a portadores de distúrbios psíquicos, deficiência mental e dependência química e grupos similares não especificadas anteriormente;2
Atividades de assistência social prestadas em residências coletivas e particulares não especificadas anteriormente;2
Atividades de franqueadas e permissionárias do Correio Nacional;2
Atividades de serviços de complementação diagnóstica e terapêutica não especificadas anteriormente;2
Atividades de televisão aberta;2
Coleta de resíduos perigosos;2
Comércio atacadista de alimentos para animais;2
Comércio atacadista de animais vivos;2
Comércio atacadista de artigos de escritório e de papelaria;2
"Comércio atacadista de artigos de tapeçaria; persianas e cortinas";2
Comércio atacadista de aves vivas e ovos;2
Comércio atacadista de café torrado, moído e solúvel;2
Comércio atacadista de defensivos agrícolas, adubos, fertilizantes e corretivos do solo;2
Comércio atacadista de fios e fibras beneficiados;2
"Comércio atacadista de máquinas, aparelhos e equipamentos para uso agropecuário; partes e peças";2
Comércio atacadista de materiais de construção em geral;2
Comércio atacadista de outros produtos químicos e petroquímicos não especificados anteriormente;2
Comércio atacadista de produtos de higiene pessoal;2
Comércio atacadista de produtos de higiene, limpeza e conservação domiciliar;2
Comércio atacadista especializado de materiais de construção não especificados anteriormente;2
Comércio por atacado de automóveis, camionetas e utilitários novos e usados;2
Comércio sob consignação de veículos automotores;2
Confecção de roupas íntimas;2
Cursos de pilotagem;2
Demolição de edifícios e outras estruturas;2
Edição integrada à impressão de livros;2
Edição integrada à impressão de revistas;2
Educação superior - graduação;2
Escafandria e mergulho;2
Fabricação de acessórios do vestuário, exceto para segurança e proteção;2
Fabricação de artefatos de borracha não especificados  anteriormente;2
Fabricação de artigos de vidro;2
Fabricação de artigos ópticos;2
Fabricação de componentes eletrônicos;2
Fabricação de embalagens de papel;2
Fabricação de escovas, pincéis e vassouras;2
Fabricação de frutas cristalizadas, balas e semelhantes;2
Fabricação de outros equipamentos e aparelhos elétricos não especificados anteriormente;2
Fabricação de outros produtos de minerais não metálicos não especificados anteriormente;2
Fabricação de produtos de papel, cartolina, papel-cartão e papelão ondulado para uso comercial e de escritório;2
Fabricação de sucos concentrados de frutas, hortaliças e legumes;2
Gestão de espaços para artes cênicas, espetáculos e outras atividades artísticas;2
Instalação, manutenção e reparação de elevadores, escadas e esteiras rolantes;2
Manutenção de redes de distribuição de energia elétrica;2
Manutenção e reparação de embarcações para esporte e lazer;2
Manutenção e reparação de máquinas e equipamentos de terraplenagem, pavimentação e construção, exceto tratores;2
Obras de fundações;2
Obras portuárias, marítimas e fluviais;2
Outras obras de instalações em construções não especificadas anteriormente;2
Parques de diversão e parques temáticos;2
Perfurações e sondagens;2
Peritos e avaliadores de seguros;2
Pesquisas de mercado e de opinião pública;2
Preparação de canteiro e limpeza de terreno;2
Produção de laminados de alumínio;2
Serviço de laboratório óptico;2
Serviço de tosquiamento de ovinos;2
Serviços de capotaria;2
Serviços de mixagem sonora em produção audiovisual;2
Serviços de telefonia fixa comutada - STFC;2
Serviços de tomografia;2
Serviços de vacinação e imunização humana;2
Administração de caixas escolares;1
Administração de cartões de crédito;1
Atividades associativas não especificadas anteriormente;1
Atividades de agenciamento marítimo;1
Atividades de despachantes aduaneiros;1
Atividades de exibição cinematográfica;1
Atividades de investigação particular;1
Atividades de rádio;1
Atividades de sauna e banhos;1
Clínicas e residências geriátricas;1
Clubes sociais, esportivos e similares;1
Comércio a varejo de peças e acessórios usados para motocicletas e motonetas;1
Comércio atacadista de açúcar;1
Comércio atacadista de artigos de armarinho;1
Comércio atacadista de artigos de cama, mesa e banho;1
Comércio atacadista de bicicletas, triciclos e outros veículos recreativos;1
"Comércio atacadista de bombas e compressores; partes e peças";1
Comércio atacadista de café em grão;1
Comércio atacadista de carnes bovinas e suínas e derivados;1
Comércio atacadista de cereais e leguminosas beneficiados;1
Comércio atacadista de cereais e leguminosas beneficiados, farinhas, amidos e féculas, com atividade de fracionamento e acondicionamento associada;1
Comércio atacadista de cigarros, cigarrilhas e charutos;1
Comércio atacadista de combustíveis de origem vegetal, exceto álcool carburante;1
Comércio atacadista de equipamentos de informática;1
Comércio atacadista de filmes, CDs, DVDs, fitas e discos;1
Comércio atacadista de leite e laticínios;1
Comércio atacadista de madeira e produtos derivados;1
"Comércio atacadista de máquinas e equipamentos para uso comercial; partes e peças";1
"Comércio atacadista de máquinas, aparelhos e equipamentos para uso odonto-médico-hospitalar; partes e peças";1
Comércio atacadista de massas alimentícias;1
Comércio atacadista de matérias-primas agrícolas com atividade de fracionamento e acondicionamento associada;1
Comércio atacadista de móveis e artigos de colchoaria;1
Comércio atacadista de papel e papelão em bruto;1
Comércio atacadista de pescados e frutos do mar;1
Comércio atacadista de produtos alimentícios em geral, com atividade de fracionamento e acondicionamento associada;1
Comércio atacadista de produtos odontológicos;1
Comércio atacadista de sementes, flores, plantas e gramas;1
Comércio atacadista de sorvetes;1
Comércio atacadista de tecidos;1
Comércio atacadista de vidros, espelhos e vitrais;1
Comércio varejista de armas e munições;1
Comércio varejista de fogos de artifício e artigos pirotécnicos;1
Comércio varejista de produtos farmacêuticos homeopáticos;1
Construção de instalações esportivas e recreativas;1
Corretoras de contratos de mercadorias;1
Criação de aves, exceto galináceos;1
Criação de equinos;1
Criação de estandes para feiras e exposições;1
Criação de outros animais não especificados anteriormente;1
Cultivo de flores e plantas ornamentais;1
Cultivo de uva;1
Exploração de jogos de sinuca, bilhar e similares;1
Extração de areia, cascalho ou pedregulho e beneficiamento associado;1
Extração de argila e beneficiamento associado;1
Extração de outros minerais não metálicos não especificados anteriormente;1
Extração de quartzo;1
Extração e britamento de pedras e outros materiais para construção e beneficiamento associado;1
Fabricação de aguardente de cana-de-açúcar;1
Fabricação de alimentos dietéticos e complementos alimentares;1
Fabricação de alimentos para animais;1
Fabricação de aparelhos e equipamentos para distribuição e controle de energia elétrica;1
Fabricação de aparelhos e utensílios para correção de defeitos físicos e aparelhos ortopédicos em geral sob encomenda;1
Fabricação de aparelhos eletromédicos e eletroterapêuticos e equipamentos de irradiação;1
Fabricação de artigos de cutelaria;1
Fabricação de bicicletas e triciclos não motorizados, peças e acessórios;1
Fabricação de calçados de couro;1
Fabricação de calçados de materiais não especificados anteriormente;1
Fabricação de chapas e de embalagens de papelão ondulado;1
Fabricação de colchões;1
Fabricação de cosméticos, produtos de perfumaria e de higiene pessoal;1
Fabricação de eletrodos, contatos e outros artigos de carvão e grafita para uso elétrico, eletroímãs e isoladores;1
Fabricação de equipamentos e acessórios para segurança pessoal e profissional;1
Fabricação de equipamentos hidráulicos e pneumáticos, peças e acessórios, exceto válvulas;1
Fabricação de esquadrias de madeira e de peças de madeira para instalações industriais e comerciais;1
Fabricação de estruturas pré-moldadas de concreto armado, em série e sob encomenda;1
Fabricação de farinha de milho e derivados, exceto óleos de milho;1
Fabricação de gelo comum;1
Fabricação de jogos eletrônicos;1
Fabricação de máquinas e equipamentos para a agricultura e pecuária, peças e acessórios, exceto para irrigação;1
Fabricação de máquinas e equipamentos para saneamento básico e ambiental, peças e acessórios;1
Fabricação de máquinas-ferramenta, peças e acessórios;1
Fabricação de margarina e outras gorduras vegetais e de óleos não comestíveis de animais;1
Fabricação de material elétrico e eletrônico para veículos automotores, exceto baterias;1
Fabricação de meias;1
Fabricação de motores elétricos, peças e acessórios;1
Fabricação de óleos vegetais refinados, exceto óleo de milho;1
Fabricação de outras aguardentes e bebidas destiladas;1
Fabricação de outros produtos químicos não especificados anteriormente;1
Fabricação de papel;1
Fabricação de partes para calçados, de qualquer material;1
Fabricação de peças e acessórios para o sistema de freios de veículos automotores;1
Fabricação de peças e acessórios para os sistemas de marcha e transmissão de veículos automotores;1
Fabricação de produtos de papel para uso doméstico e higiênico-sanitário não especificados anteriormente;1
Fabricação de produtos para infusão (chá, mate, etc.);1
Fabricação de tecidos especiais, inclusive artefatos;1
Fabricação de válvulas, registros e dispositivos semelhantes, peças e acessórios;1
Fabricação de vidro plano e de segurança;1
Fabricação de vinho;1
Facção de roupas íntimas;1
Fornecimento e gestão de recursos humanos para terceiros;1
Frigorífico - abate de bovinos;1
Fundição de ferro e aço;1
Geração de energia elétrica;1
Gestão de redes de esgoto;1
Gestão e manutenção de cemitérios;1
Holdings de instituições financeiras;1
Manutenção de estações e redes de telecomunicações;1
Manutenção e reparação de equipamentos de transmissão para fins industriais;1
Manutenção e reparação de equipamentos e instrumentos ópticos;1
Medição de consumo de energia elétrica, gás e água;1
Metalurgia de outros metais não ferrosos e suas ligas não especificados anteriormente;1
Obras de irrigação;1
Operador de transporte multimodal - OTM;1
Organização de excursões em veículos rodoviários próprios, municipal;1
Outras atividades de atenção à saúde humana não especificadas anteriormente;1
Outras atividades de serviços financeiros não especificadas anteriormente;1
Outros transportes rodoviários de passageiros não especificados anteriormente;1
Pesca de peixes em água doce;1
Pintura para sinalização em pistas rodoviárias e aeroportos;1
Planos de saúde;1
Produção de espetáculos circenses, de marionetes e similares;1
Produção de espetáculos de rodeios, vaquejadas e similares;1
Produção de mudas e outras formas de propagação vegetal, certificadas;1
Provedores de voz sobre protocolo Internet - VOIP;1
Representantes comerciais e agentes do comércio de jornais, revistas e outras publicações;1
Representantes comerciais e agentes do comércio de veículos automotores;1
Reprodução de software em qualquer suporte;1
Reprodução de vídeo em qualquer suporte;1
Restauração e conservação de lugares e prédios históricos;1
Serviço de manejo de animais;1
Serviço de pulverização e controle de pragas agrícolas;1
Serviços de assistência social sem alojamento;1
Serviços de diagnóstico por métodos ópticos - endoscopia e outros exames análogos;1
Serviços de diagnóstico por registro gráfico - ECG, EEG e outros exames análogos;1
Serviços de gravação de carimbos, exceto confecção;1
Serviços de telecomunicações sem fio não especificados anteriormente;1
Tecelagem de fios de algodão;1
Transporte rodoviário coletivo de passageiros, com itinerário fixo, interestadual;1
Transporte rodoviário coletivo de passageiros, com itinerário fixo, intermunicipal em região metropolitana;1
Tratamento e disposição de resíduos não perigosos;1
UTI móvel;1